timestamp,node_ip,container_id,container_name,service_name,cpu_cores,memory_usage_mb,memory_working_set_mb,memory_limit_mb,memory_percent,network_rx_bytes_per_sec,network_tx_bytes_per_sec,filesystem_usage_mb,raw_memory_bytes,raw_network_rx_bytes,raw_network_tx_bytes
2025-06-11T17:22:09.140770,10.160.0.20,/system.slic,my-app_authentication.9.z8lzgogunavzgjw9seaz63kiy,authentication,0.003156,214.621,214.039,0,0,0.0,0.0,8.301,225046528,5925435,22134102
2025-06-11T17:22:19.206536,10.160.0.20,/system.slic,my-app_authentication.5.zx8tqpir60xozsgfuq6wrv2qj,authentication,0.002762,101.582,100.902,0,0,0.0,0.0,1.914,106516480,1571878,5169858
2025-06-11T17:22:19.206536,10.160.0.20,/system.slic,my-app_authentication.6.airz0zc6ks9u0xb2xd5d59t8h,authentication,0.004454,270.496,269.953,0,0,379.0,184.0,11.508,283635712,6330722,33558483
2025-06-11T17:22:29.284866,10.160.0.20,/system.slic,my-app_authentication.8.4paohu71ydp3tyj4zydu70xp2,authentication,0.008687,84.129,83.637,0,0,126.0,0.0,0.957,88215552,3590207,1410945
2025-06-11T17:22:29.284866,10.160.0.20,/system.slic,my-app_authentication.3.jyv3hw4x5prw88r7v7wv5cfnv,authentication,0.009809,289.156,288.539,0,0,242.0,0.0,12.461,303202304,3688500,22385236
2025-06-11T17:22:39.314226,10.160.0.20,/system.slic,my-app_authentication.1.0s6tss6vhukg3ynb9zd03t002,authentication,0.007094,228.672,227.801,0,0,0.0,0.0,9.195,239779840,6337455,28996799
2025-06-11T17:22:49.347535,10.160.0.20,/system.slic,my-app_authentication.4.u40zk557d19cghmq4pothvthi,authentication,0.004562,143.594,143.254,0,0,108.0,66.0,4.535,150568960,12118134,10174206
2025-06-11T17:22:49.347535,10.160.0.20,/system.slic,my-app_authentication.7.en51jsn7h57nuwkxbzc4z5isb,authentication,0.006846,128.254,127.773,0,0,42.0,0.0,3.469,134483968,5512116,11600751
2025-06-11T17:23:19.477567,10.160.0.20,/system.slic,my-app_authentication.2.wb9kwvpsesk4z2uzydg5rs2ql,authentication,0.007324,143.84,143.168,0,0,0.0,0.0,4.051,150827008,1586247,7238696
2025-06-11T17:23:19.477567,10.160.0.20,/system.slic,my-app_authentication.10.mdj0vvly11q2wiw11ugfge3oh,authentication,0.006165,145.215,144.684,0,0,0.0,0.0,4.488,152268800,1581090,6024207
2025-06-11T17:23:29.566787,10.160.0.20,/system.slic,my-app_authentication.9.z8lzgogunavzgjw9seaz63kiy,authentication,0.003155,214.621,214.039,0,0,379.0,66.0,8.301,225046528,5938142,22138464
2025-06-11T17:23:39.595791,10.160.0.20,/system.slic,my-app_authentication.5.zx8tqpir60xozsgfuq6wrv2qj,authentication,0.005879,101.582,100.902,0,0,0.0,0.0,1.914,106516480,1572734,5169858
2025-06-11T17:23:39.595791,10.160.0.20,/system.slic,my-app_authentication.6.airz0zc6ks9u0xb2xd5d59t8h,authentication,0.005983,270.496,269.953,0,0,379.0,184.0,11.508,283635712,6343008,33562737
2025-06-11T17:23:49.627344,10.160.0.20,/system.slic,my-app_authentication.8.4paohu71ydp3tyj4zydu70xp2,authentication,0.005173,84.121,83.629,0,0,420.0,0.0,0.957,88207360,3607203,1419158
2025-06-11T17:23:49.627344,10.160.0.20,/system.slic,my-app_authentication.3.jyv3hw4x5prw88r7v7wv5cfnv,authentication,0.009178,289.672,289.055,0,0,210.0,0.0,12.461,303742976,3703141,22386720
2025-06-11T17:23:59.670121,10.160.0.20,/system.slic,my-app_authentication.1.0s6tss6vhukg3ynb9zd03t002,authentication,0.007099,229.098,228.227,0,0,0.0,74.0,9.195,240226304,6350637,29002821
2025-06-11T17:24:09.707024,10.160.0.20,/system.slic,my-app_authentication.4.u40zk557d19cghmq4pothvthi,authentication,0.009691,143.559,143.219,0,0,379.0,66.0,4.539,150532096,12162222,10186462
2025-06-11T17:24:09.707024,10.160.0.20,/system.slic,my-app_authentication.7.en51jsn7h57nuwkxbzc4z5isb,authentication,0.003673,128.227,127.746,0,0,0.0,0.0,3.469,134455296,5533181,11606169
2025-06-11T17:24:39.843759,10.160.0.20,/system.slic,my-app_authentication.2.wb9kwvpsesk4z2uzydg5rs2ql,authentication,0.01387,144.602,143.93,0,0,0.0,0.0,4.051,151625728,1595956,7270390
2025-06-11T17:24:39.843759,10.160.0.20,/system.slic,my-app_authentication.10.mdj0vvly11q2wiw11ugfge3oh,authentication,0.010776,146.875,146.344,0,0,0.0,0.0,4.488,154009600,1589947,6080568
2025-06-11T17:24:50.038697,10.160.0.20,/system.slic,my-app_authentication.9.z8lzgogunavzgjw9seaz63kiy,authentication,0.005129,217.723,217.141,0,0,527.0,140.0,8.301,228298752,5956306,22283028
2025-06-11T17:25:00.063819,10.160.0.20,/system.slic,my-app_authentication.5.zx8tqpir60xozsgfuq6wrv2qj,authentication,0.00347,101.566,100.887,0,0,0.0,0.0,1.914,106500096,1589993,5183992
2025-06-11T17:25:00.063819,10.160.0.20,/system.slic,my-app_authentication.6.airz0zc6ks9u0xb2xd5d59t8h,authentication,0.005075,273.613,273.07,0,0,379.0,184.0,11.66,286904320,6363080,33709950
2025-06-11T17:25:10.091472,10.160.0.20,/system.slic,my-app_authentication.8.4paohu71ydp3tyj4zydu70xp2,authentication,0.008123,84.121,83.629,0,0,84.0,0.0,0.961,88207360,3626857,1428487
2025-06-11T17:25:10.091472,10.160.0.20,/system.slic,my-app_authentication.3.jyv3hw4x5prw88r7v7wv5cfnv,authentication,0.007345,291.531,290.914,0,0,0.0,0.0,12.582,305692672,3724367,22761694
2025-06-11T17:25:20.120151,10.160.0.20,/system.slic,my-app_authentication.1.0s6tss6vhukg3ynb9zd03t002,authentication,0.005603,231.895,231.023,0,0,0.0,0.0,9.41,243159040,6361031,29216233
2025-06-11T17:25:30.194749,10.160.0.20,/system.slic,my-app_authentication.4.u40zk557d19cghmq4pothvthi,authentication,0.004155,143.562,143.223,0,0,452.0,0.0,4.539,150536192,12192934,10211715
2025-06-11T17:25:30.194749,10.160.0.20,/system.slic,my-app_authentication.7.en51jsn7h57nuwkxbzc4z5isb,authentication,0.003784,128.227,127.746,0,0,410.0,0.0,3.473,134455296,5562911,11619684
2025-06-11T17:26:00.343959,10.160.0.20,/system.slic,my-app_authentication.2.wb9kwvpsesk4z2uzydg5rs2ql,authentication,0.009635,148.164,147.492,0,0,0.0,0.0,4.227,155361280,1617340,8014439
2025-06-11T17:26:00.343959,10.160.0.20,/system.slic,my-app_authentication.10.mdj0vvly11q2wiw11ugfge3oh,authentication,0.010315,150.59,150.059,0,0,0.0,0.0,4.68,157904896,1612285,6934304
2025-06-11T17:26:10.440006,10.160.0.20,/system.slic,my-app_authentication.9.z8lzgogunavzgjw9seaz63kiy,authentication,0.006496,222.547,221.965,0,0,379.0,66.0,8.504,233357312,5968000,22431766
2025-06-11T17:26:20.467016,10.160.0.20,/system.slic,my-app_authentication.5.zx8tqpir60xozsgfuq6wrv2qj,authentication,0.003169,101.562,100.883,0,0,0.0,0.0,1.922,106496000,1605741,5197013
2025-06-11T17:26:20.467016,10.160.0.20,/system.slic,my-app_authentication.6.airz0zc6ks9u0xb2xd5d59t8h,authentication,0.008248,276.836,276.293,0,0,379.0,66.0,11.785,290283520,6374445,33926627
2025-06-11T17:26:30.497437,10.160.0.20,/system.slic,my-app_authentication.8.4paohu71ydp3tyj4zydu70xp2,authentication,0.00754,84.121,83.629,0,0,42.0,0.0,0.965,88207360,3651237,1441880
2025-06-11T17:26:30.497437,10.160.0.20,/system.slic,my-app_authentication.3.jyv3hw4x5prw88r7v7wv5cfnv,authentication,0.004823,294.93,294.312,0,0,42.0,0.0,12.656,309256192,3752269,23442837
2025-06-11T17:26:40.526942,10.160.0.20,/system.slic,my-app_authentication.1.0s6tss6vhukg3ynb9zd03t002,authentication,0.006805,234.234,233.363,0,0,0.0,74.0,9.562,245612544,6372863,29359729
2025-06-11T17:26:50.607837,10.160.0.20,/system.slic,my-app_authentication.4.u40zk557d19cghmq4pothvthi,authentication,0.006409,143.562,143.223,0,0,158.0,42.0,4.543,150536192,12225535,10238105
2025-06-11T17:26:50.607837,10.160.0.20,/system.slic,my-app_authentication.7.en51jsn7h57nuwkxbzc4z5isb,authentication,0.006933,128.23,127.75,0,0,84.0,0.0,3.473,134459392,5592759,11632556
2025-06-11T17:27:20.752915,10.160.0.20,/system.slic,my-app_authentication.2.wb9kwvpsesk4z2uzydg5rs2ql,authentication,0.009486,151.91,151.238,0,0,0.0,0.0,4.367,159289344,1638164,8840328
2025-06-11T17:27:20.752915,10.160.0.20,/system.slic,my-app_authentication.10.mdj0vvly11q2wiw11ugfge3oh,authentication,0.00874,155.293,154.762,0,0,0.0,0.0,4.977,162836480,1634345,7857489
2025-06-11T17:27:30.857775,10.160.0.20,/system.slic,my-app_authentication.9.z8lzgogunavzgjw9seaz63kiy,authentication,0.008521,226.211,225.629,0,0,379.0,66.0,8.793,237199360,5978544,22646951
2025-06-11T17:27:40.885672,10.160.0.20,/system.slic,my-app_authentication.5.zx8tqpir60xozsgfuq6wrv2qj,authentication,0.005817,101.562,100.883,0,0,0.0,0.0,1.922,106496000,1616553,5205928
2025-06-11T17:27:40.885672,10.160.0.20,/system.slic,my-app_authentication.6.airz0zc6ks9u0xb2xd5d59t8h,authentication,0.007978,278.73,278.188,0,0,758.0,250.0,11.918,292270080,6387018,34068801
2025-06-11T17:27:50.916797,10.160.0.20,/system.slic,my-app_authentication.8.4paohu71ydp3tyj4zydu70xp2,authentication,0.008119,84.121,83.629,0,0,294.0,0.0,0.965,88207360,3675217,1455489
2025-06-11T17:27:50.916797,10.160.0.20,/system.slic,my-app_authentication.3.jyv3hw4x5prw88r7v7wv5cfnv,authentication,0.007234,298.453,297.836,0,0,210.0,0.0,12.949,312950784,3780587,24226536
2025-06-11T17:28:00.947740,10.160.0.20,/system.slic,my-app_authentication.1.0s6tss6vhukg3ynb9zd03t002,authentication,0.004502,237.941,237.07,0,0,116.0,74.0,9.695,249499648,6383849,29575320
2025-06-11T17:28:10.980106,10.160.0.20,/system.slic,my-app_authentication.4.u40zk557d19cghmq4pothvthi,authentication,0.004381,143.562,143.223,0,0,915.0,66.0,4.547,150536192,12259017,10257505
2025-06-11T17:28:10.980106,10.160.0.20,/system.slic,my-app_authentication.7.en51jsn7h57nuwkxbzc4z5isb,authentication,0.006235,128.23,127.75,0,0,42.0,0.0,3.477,134459392,5618363,11641537
2025-06-11T17:28:41.144951,10.160.0.20,/system.slic,my-app_authentication.2.wb9kwvpsesk4z2uzydg5rs2ql,authentication,0.005047,155.621,154.949,0,0,0.0,0.0,4.664,163180544,1653226,9480880
2025-06-11T17:28:41.144951,10.160.0.20,/system.slic,my-app_authentication.10.mdj0vvly11q2wiw11ugfge3oh,authentication,0.007835,157.547,157.016,0,0,0.0,0.0,5.121,165199872,1647789,8376250
2025-06-11T17:28:51.225058,10.160.0.20,/system.slic,my-app_authentication.9.z8lzgogunavzgjw9seaz63kiy,authentication,0.004347,229.629,229.047,0,0,74.0,0.0,8.938,240783360,5989666,22858396
2025-06-11T17:29:01.250854,10.160.0.20,/system.slic,my-app_authentication.5.zx8tqpir60xozsgfuq6wrv2qj,authentication,0.003212,101.562,100.883,0,0,0.0,0.0,1.926,106496000,1632547,5219147
2025-06-11T17:29:01.250854,10.160.0.20,/system.slic,my-app_authentication.6.airz0zc6ks9u0xb2xd5d59t8h,authentication,0.005638,281.707,281.164,0,0,758.0,324.0,12.215,295391232,6397284,34280614
2025-06-11T17:29:11.292708,10.160.0.20,/system.slic,my-app_authentication.8.4paohu71ydp3tyj4zydu70xp2,authentication,0.008464,84.125,83.633,0,0,84.0,0.0,0.969,88211456,3693713,1464313
2025-06-11T17:29:11.292708,10.160.0.20,/system.slic,my-app_authentication.3.jyv3hw4x5prw88r7v7wv5cfnv,authentication,0.010615,300.902,300.285,0,0,168.0,0.0,13.094,315518976,3802689,24810839
2025-06-11T17:29:21.320204,10.160.0.20,/system.slic,my-app_authentication.1.0s6tss6vhukg3ynb9zd03t002,authentication,0.005392,241.695,240.824,0,0,190.0,190.0,10.0,253435904,6394889,29785807
2025-06-11T17:29:31.355889,10.160.0.20,/system.slic,my-app_authentication.4.u40zk557d19cghmq4pothvthi,authentication,0.004787,143.566,143.227,0,0,821.0,66.0,4.551,150540288,12292366,10283911
2025-06-11T17:29:31.355889,10.160.0.20,/system.slic,my-app_authentication.7.en51jsn7h57nuwkxbzc4z5isb,authentication,0.007647,128.227,127.746,0,0,798.0,0.0,3.48,134455296,5647517,11654560
2025-06-11T17:30:01.495247,10.160.0.20,/system.slic,my-app_authentication.2.wb9kwvpsesk4z2uzydg5rs2ql,authentication,0.005632,158.941,158.27,0,0,0.0,0.0,4.789,166662144,1673622,10274921
2025-06-11T17:30:01.495247,10.160.0.20,/system.slic,my-app_authentication.10.mdj0vvly11q2wiw11ugfge3oh,authentication,0.006748,161.012,160.48,0,0,0.0,0.0,5.184,168833024,1665394,8841811
2025-06-11T17:30:11.607554,10.160.0.20,/system.slic,my-app_authentication.9.z8lzgogunavzgjw9seaz63kiy,authentication,0.005119,231.863,231.281,0,0,148.0,74.0,9.09,243126272,6000146,22998388
2025-06-11T17:30:21.672909,10.160.0.20,/system.slic,my-app_authentication.5.zx8tqpir60xozsgfuq6wrv2qj,authentication,0.003943,101.562,100.883,0,0,0.0,0.0,1.93,106496000,1648361,5232186
2025-06-11T17:30:21.672909,10.160.0.20,/system.slic,my-app_authentication.6.airz0zc6ks9u0xb2xd5d59t8h,authentication,0.006372,284.844,284.301,0,0,800.0,324.0,12.359,298680320,6408070,34496175
2025-06-11T17:30:31.707792,10.160.0.20,/system.slic,my-app_authentication.8.4paohu71ydp3tyj4zydu70xp2,authentication,0.006909,84.129,83.637,0,0,42.0,0.0,0.973,88215552,3717963,1477346
2025-06-11T17:30:31.707792,10.160.0.20,/system.slic,my-app_authentication.3.jyv3hw4x5prw88r7v7wv5cfnv,authentication,0.005095,304.535,303.918,0,0,0.0,0.0,13.23,319328256,3833401,25761387
2025-06-11T17:30:41.737793,10.160.0.20,/system.slic,my-app_authentication.1.0s6tss6vhukg3ynb9zd03t002,authentication,0.007258,244.094,243.223,0,0,42.0,116.0,10.137,255950848,6405017,29928843
2025-06-11T17:30:51.776364,10.160.0.20,/system.slic,my-app_authentication.4.u40zk557d19cghmq4pothvthi,authentication,0.004213,143.57,143.23,0,0,463.0,108.0,4.551,150544384,12323741,10310511
2025-06-11T17:30:51.776364,10.160.0.20,/system.slic,my-app_authentication.7.en51jsn7h57nuwkxbzc4z5isb,authentication,0.003851,128.23,127.75,0,0,42.0,0.0,3.48,134459392,5677264,11667672
2025-06-11T17:31:21.936729,10.160.0.20,/system.slic,my-app_authentication.2.wb9kwvpsesk4z2uzydg5rs2ql,authentication,0.008156,161.906,161.234,0,0,0.0,0.0,5.066,169771008,1693055,10931873
2025-06-11T17:31:21.936729,10.160.0.20,/system.slic,my-app_authentication.10.mdj0vvly11q2wiw11ugfge3oh,authentication,0.008327,164.926,164.395,0,0,0.0,0.0,5.516,172937216,1687071,9751307
2025-06-11T17:31:32.027855,10.160.0.20,/system.slic,my-app_authentication.9.z8lzgogunavzgjw9seaz63kiy,authentication,0.004989,235.191,234.609,0,0,0.0,0.0,9.34,246616064,6010432,23206310
2025-06-11T17:31:42.053115,10.160.0.20,/system.slic,my-app_authentication.5.zx8tqpir60xozsgfuq6wrv2qj,authentication,0.005907,101.562,100.883,0,0,0.0,0.0,1.93,106496000,1658970,5240920
2025-06-11T17:31:42.053115,10.160.0.20,/system.slic,my-app_authentication.6.airz0zc6ks9u0xb2xd5d59t8h,authentication,0.008607,287.148,286.605,0,0,758.0,250.0,12.512,301096960,6419416,34633867
2025-06-11T17:31:52.080708,10.160.0.20,/system.slic,my-app_authentication.8.4paohu71ydp3tyj4zydu70xp2,authentication,0.005626,84.125,83.633,0,0,42.0,0.0,0.977,88211456,3742676,1490501
2025-06-11T17:31:52.080708,10.160.0.20,/system.slic,my-app_authentication.3.jyv3hw4x5prw88r7v7wv5cfnv,authentication,0.007857,308.23,307.613,0,0,0.0,0.0,13.523,323203072,3863862,26642364
2025-06-11T17:32:02.109936,10.160.0.20,/system.slic,my-app_authentication.1.0s6tss6vhukg3ynb9zd03t002,authentication,0.006531,247.793,246.922,0,0,0.0,0.0,10.277,259829760,6415453,30141541
2025-06-11T17:32:12.158852,10.160.0.20,/system.slic,my-app_authentication.4.u40zk557d19cghmq4pothvthi,authentication,0.004008,143.57,143.23,0,0,663.0,66.0,4.555,150544384,12353698,10329419
2025-06-11T17:32:12.158852,10.160.0.20,/system.slic,my-app_authentication.7.en51jsn7h57nuwkxbzc4z5isb,authentication,0.00422,128.23,127.75,0,0,210.0,0.0,3.488,134459392,5700486,11676098
2025-06-11T17:32:42.331739,10.160.0.20,/system.slic,my-app_authentication.2.wb9kwvpsesk4z2uzydg5rs2ql,authentication,0.006359,164.137,163.465,0,0,0.0,0.0,5.195,172109824,1707318,11488623
2025-06-11T17:32:42.331739,10.160.0.20,/system.slic,my-app_authentication.10.mdj0vvly11q2wiw11ugfge3oh,authentication,0.00608,167.535,167.004,0,0,0.0,0.0,5.668,175673344,1702576,10439475
2025-06-11T17:32:52.417220,10.160.0.20,/system.slic,my-app_authentication.9.z8lzgogunavzgjw9seaz63kiy,authentication,0.008816,238.676,238.094,0,0,0.0,74.0,9.465,250269696,6021316,23419000
2025-06-11T17:33:02.440143,10.160.0.20,/system.slic,my-app_authentication.5.zx8tqpir60xozsgfuq6wrv2qj,authentication,0.005851,101.566,100.887,0,0,0.0,0.0,1.934,106500096,1674659,5253834
2025-06-11T17:33:02.440143,10.160.0.20,/system.slic,my-app_authentication.6.airz0zc6ks9u0xb2xd5d59t8h,authentication,0.007044,290.809,290.266,0,0,0.0,0.0,12.809,304934912,6431196,34854188
2025-06-11T17:33:12.477954,10.160.0.20,/system.slic,my-app_authentication.8.4paohu71ydp3tyj4zydu70xp2,authentication,0.008832,84.125,83.633,0,0,42.0,0.0,0.98,88211456,3761769,1499475
2025-06-11T17:33:12.477954,10.160.0.20,/system.slic,my-app_authentication.3.jyv3hw4x5prw88r7v7wv5cfnv,authentication,0.006827,310.18,309.562,0,0,0.0,0.0,13.668,325246976,3882709,26842789
2025-06-11T17:33:22.503024,10.160.0.20,/system.slic,my-app_authentication.1.0s6tss6vhukg3ynb9zd03t002,authentication,0.005723,251.48,250.609,0,0,0.0,0.0,10.566,263696384,6426179,30356542
2025-06-11T17:33:32.598014,10.160.0.20,/system.slic,my-app_authentication.4.u40zk557d19cghmq4pothvthi,authentication,0.00831,143.582,143.242,0,0,1453.0,263.0,4.559,150556672,12386765,10355839
2025-06-11T17:33:32.598014,10.160.0.20,/system.slic,my-app_authentication.7.en51jsn7h57nuwkxbzc4z5isb,authentication,0.004632,128.227,127.746,0,0,126.0,0.0,3.488,134455296,5730671,11689210
2025-06-11T17:34:02.752843,10.160.0.20,/system.slic,my-app_authentication.2.wb9kwvpsesk4z2uzydg5rs2ql,authentication,0.008226,167.961,167.289,0,0,0.0,0.0,5.348,176119808,1729439,12436074
2025-06-11T17:34:02.752843,10.160.0.20,/system.slic,my-app_authentication.10.mdj0vvly11q2wiw11ugfge3oh,authentication,0.007616,171.363,170.832,0,0,0.0,0.0,5.812,179687424,1724955,11445429
2025-06-11T17:34:12.834841,10.160.0.20,/system.slic,my-app_authentication.9.z8lzgogunavzgjw9seaz63kiy,authentication,0.004548,241.168,240.586,0,0,232.0,148.0,9.602,252882944,6033421,23568994
2025-06-11T17:34:22.863778,10.160.0.20,/system.slic,my-app_authentication.5.zx8tqpir60xozsgfuq6wrv2qj,authentication,0.005881,101.562,100.883,0,0,0.0,0.0,1.938,106496000,1690468,5266880
2025-06-11T17:34:22.863778,10.160.0.20,/system.slic,my-app_authentication.6.airz0zc6ks9u0xb2xd5d59t8h,authentication,0.002657,293.914,293.371,0,0,0.0,0.0,12.961,308191232,6443648,35006867
2025-06-11T17:34:32.884273,10.160.0.20,/system.slic,my-app_authentication.8.4paohu71ydp3tyj4zydu70xp2,authentication,0.005773,84.129,83.637,0,0,126.0,0.0,0.98,88215552,3785798,1512497
2025-06-11T17:34:32.884273,10.160.0.20,/system.slic,my-app_authentication.3.jyv3hw4x5prw88r7v7wv5cfnv,authentication,0.007519,314.457,313.84,0,0,168.0,0.0,13.824,329732096,3912084,27646498
2025-06-11T17:34:42.914953,10.160.0.20,/system.slic,my-app_authentication.1.0s6tss6vhukg3ynb9zd03t002,authentication,0.004244,253.414,252.543,0,0,0.0,0.0,10.656,265723904,6439225,30438802
2025-06-11T17:34:52.949229,10.160.0.20,/system.slic,my-app_authentication.4.u40zk557d19cghmq4pothvthi,authentication,0.007437,143.578,143.238,0,0,840.0,0.0,4.559,150552576,12420280,10382273
2025-06-11T17:34:52.949229,10.160.0.20,/system.slic,my-app_authentication.7.en51jsn7h57nuwkxbzc4z5isb,authentication,0.007251,128.227,127.746,0,0,714.0,0.0,3.492,134455296,5760622,11702520
2025-06-11T17:35:23.155869,10.160.0.20,/system.slic,my-app_authentication.2.wb9kwvpsesk4z2uzydg5rs2ql,authentication,0.012181,171.852,171.18,0,0,0.0,0.0,5.617,180199424,1746276,12849828
2025-06-11T17:35:23.155869,10.160.0.20,/system.slic,my-app_authentication.10.mdj0vvly11q2wiw11ugfge3oh,authentication,0.00876,174.578,174.047,0,0,0.0,0.0,6.09,183058432,1748908,12497127
2025-06-11T17:35:33.282012,10.160.0.20,/system.slic,my-app_authentication.9.z8lzgogunavzgjw9seaz63kiy,authentication,0.006152,244.855,244.273,0,0,190.0,148.0,9.82,256749568,6045427,23763749
2025-06-11T17:35:43.309546,10.160.0.20,/system.slic,my-app_authentication.5.zx8tqpir60xozsgfuq6wrv2qj,authentication,0.004775,101.562,100.883,0,0,0.0,0.0,1.941,106496000,1700472,5275108
2025-06-11T17:35:43.309546,10.160.0.20,/system.slic,my-app_authentication.6.airz0zc6ks9u0xb2xd5d59t8h,authentication,0.008445,297.18,296.637,0,0,758.0,250.0,12.961,311615488,6455807,35201945
2025-06-11T17:35:53.352596,10.160.0.20,/system.slic,my-app_authentication.8.4paohu71ydp3tyj4zydu70xp2,authentication,0.003823,84.125,83.633,0,0,42.0,0.0,0.984,88211456,3810349,1525759
2025-06-11T17:35:53.352596,10.160.0.20,/system.slic,my-app_authentication.3.jyv3hw4x5prw88r7v7wv5cfnv,authentication,0.008504,317.949,317.332,0,0,42.0,0.0,14.109,333393920,3942851,28574533
2025-06-11T17:36:03.380566,10.160.0.20,/system.slic,my-app_authentication.1.0s6tss6vhukg3ynb9zd03t002,authentication,0.009693,257.699,256.828,0,0,0.0,0.0,10.77,270217216,6450265,30702698
2025-06-11T17:36:13.421672,10.160.0.20,/system.slic,my-app_authentication.4.u40zk557d19cghmq4pothvthi,authentication,0.008078,143.578,143.238,0,0,907.0,263.0,4.566,150552576,12451172,10401773
2025-06-11T17:36:13.421672,10.160.0.20,/system.slic,my-app_authentication.7.en51jsn7h57nuwkxbzc4z5isb,authentication,0.005327,128.23,127.75,0,0,42.0,0.0,3.496,134459392,5785067,11711452
2025-06-11T17:36:43.563718,10.160.0.20,/system.slic,my-app_authentication.2.wb9kwvpsesk4z2uzydg5rs2ql,authentication,0.00637,174.312,173.641,0,0,0.0,0.0,5.742,182779904,1761650,13600476
2025-06-11T17:36:43.563718,10.160.0.20,/system.slic,my-app_authentication.10.mdj0vvly11q2wiw11ugfge3oh,authentication,0.004562,177.062,176.531,0,0,0.0,0.0,6.223,185663488,1763099,13062048
2025-06-11T17:36:53.652784,10.160.0.20,/system.slic,my-app_authentication.9.z8lzgogunavzgjw9seaz63kiy,authentication,0.007336,248.262,247.68,0,0,74.0,74.0,9.957,260321280,6058031,23978818
2025-06-11T17:37:03.680304,10.160.0.20,/system.slic,my-app_authentication.5.zx8tqpir60xozsgfuq6wrv2qj,authentication,0.006143,101.566,100.887,0,0,0.0,0.0,1.941,106500096,1716161,5288022
2025-06-11T17:37:03.680304,10.160.0.20,/system.slic,my-app_authentication.6.airz0zc6ks9u0xb2xd5d59t8h,authentication,0.005794,300.766,300.223,0,0,0.0,0.0,13.391,315375616,6467731,35418500
2025-06-11T17:37:13.714094,10.160.0.20,/system.slic,my-app_authentication.8.4paohu71ydp3tyj4zydu70xp2,authentication,0.00929,84.125,83.633,0,0,84.0,0.0,0.988,88211456,3829664,1534601
2025-06-11T17:37:13.714094,10.160.0.20,/system.slic,my-app_authentication.3.jyv3hw4x5prw88r7v7wv5cfnv,authentication,0.010484,320.336,319.719,0,0,42.0,0.0,14.254,335896576,3965586,29113842
2025-06-11T17:37:23.737141,10.160.0.20,/system.slic,my-app_authentication.1.0s6tss6vhukg3ynb9zd03t002,authentication,0.05855,260.832,259.961,0,0,0.0,29453.0,11.059,273502208,6462203,30911509
2025-06-11T17:37:33.834928,10.160.0.20,/system.slic,my-app_authentication.4.u40zk557d19cghmq4pothvthi,authentication,0.007508,143.582,143.242,0,0,1221.0,263.0,4.566,150556672,12484766,10428633
2025-06-11T17:37:33.834928,10.160.0.20,/system.slic,my-app_authentication.7.en51jsn7h57nuwkxbzc4z5isb,authentication,0.00346,128.227,127.746,0,0,126.0,0.0,3.496,134455296,5815564,11724432
2025-06-11T17:38:03.970795,10.160.0.20,/system.slic,my-app_authentication.2.wb9kwvpsesk4z2uzydg5rs2ql,authentication,0.010766,178.031,177.359,0,0,0.0,0.0,5.883,186679296,1782451,14407376
2025-06-11T17:38:03.970795,10.160.0.20,/system.slic,my-app_authentication.10.mdj0vvly11q2wiw11ugfge3oh,authentication,0.006603,180.883,180.352,0,0,0.0,0.0,6.34,189669376,1783342,13832262
2025-06-11T17:38:14.056837,10.160.0.20,/system.slic,my-app_authentication.9.z8lzgogunavzgjw9seaz63kiy,authentication,0.00672,250.652,250.07,0,0,74.0,74.0,10.109,262828032,6069083,24128558
2025-06-11T17:38:24.090164,10.160.0.20,/system.slic,my-app_authentication.5.zx8tqpir60xozsgfuq6wrv2qj,authentication,0.005385,101.562,100.883,0,0,0.0,0.0,1.945,106496000,1731784,5300870
2025-06-11T17:38:24.090164,10.160.0.20,/system.slic,my-app_authentication.6.airz0zc6ks9u0xb2xd5d59t8h,authentication,0.036623,304.441,303.898,0,0,0.0,74.0,13.543,319229952,6480453,35600363
2025-06-11T17:38:34.136626,10.160.0.20,/system.slic,my-app_authentication.8.4paohu71ydp3tyj4zydu70xp2,authentication,0.00495,84.125,83.633,0,0,420.0,0.0,0.988,88211456,3854299,1547821
2025-06-11T17:38:34.136626,10.160.0.20,/system.slic,my-app_authentication.3.jyv3hw4x5prw88r7v7wv5cfnv,authentication,0.014172,323.941,323.324,0,0,336.0,0.0,14.398,339677184,3995579,29994552
2025-06-11T17:38:44.167502,10.160.0.20,/system.slic,my-app_authentication.1.0s6tss6vhukg3ynb9zd03t002,authentication,0.004785,263.379,262.508,0,0,0.0,74.0,11.191,276172800,6473485,31059058
2025-06-11T17:38:54.253064,10.160.0.20,/system.slic,my-app_authentication.4.u40zk557d19cghmq4pothvthi,authentication,0.003857,143.578,143.238,0,0,662.0,0.0,4.57,150552576,12517101,10455142
2025-06-11T17:38:54.253064,10.160.0.20,/system.slic,my-app_authentication.7.en51jsn7h57nuwkxbzc4z5isb,authentication,0.003577,128.23,127.75,0,0,336.0,0.0,3.5,134459392,5845617,11737676
2025-06-11T17:39:24.398346,10.160.0.20,/system.slic,my-app_authentication.2.wb9kwvpsesk4z2uzydg5rs2ql,authentication,0.009044,181.805,181.133,0,0,0.0,0.0,6.145,190636032,1803264,15210423
2025-06-11T17:39:24.398346,10.160.0.20,/system.slic,my-app_authentication.10.mdj0vvly11q2wiw11ugfge3oh,authentication,0.106129,184.645,184.113,0,0,4339.0,176928.0,6.629,193613824,1804695,14704940
2025-06-11T17:39:34.509682,10.160.0.20,/system.slic,my-app_authentication.9.z8lzgogunavzgjw9seaz63kiy,authentication,0.004973,254.129,253.547,0,0,74.0,74.0,10.402,266473472,6080109,24344956
2025-06-11T17:39:44.531871,10.160.0.20,/system.slic,my-app_authentication.5.zx8tqpir60xozsgfuq6wrv2qj,authentication,0.003225,101.562,100.883,0,0,0.0,0.0,1.949,106496000,1742771,5309770
2025-06-11T17:39:44.531871,10.160.0.20,/system.slic,my-app_authentication.6.airz0zc6ks9u0xb2xd5d59t8h,authentication,0.006606,306.93,306.387,0,0,0.0,0.0,13.688,321839104,6491503,35775457
2025-06-11T17:39:54.565632,10.160.0.20,/system.slic,my-app_authentication.8.4paohu71ydp3tyj4zydu70xp2,authentication,0.008668,84.125,83.633,0,0,84.0,42.0,0.992,88211456,3878346,1561083
2025-06-11T17:39:54.565632,10.160.0.20,/system.slic,my-app_authentication.3.jyv3hw4x5prw88r7v7wv5cfnv,authentication,0.009602,327.57,326.953,0,0,0.0,0.0,14.676,343482368,4025068,30808375
2025-06-11T17:40:04.582900,10.160.0.20,/system.slic,my-app_authentication.1.0s6tss6vhukg3ynb9zd03t002,authentication,0.007183,267.055,266.184,0,0,0.0,0.0,11.344,280027136,6484883,31267961
2025-06-11T17:40:14.615372,10.160.0.20,/system.slic,my-app_authentication.4.u40zk557d19cghmq4pothvthi,authentication,0.006733,143.578,143.238,0,0,242.0,0.0,4.574,150552576,12551646,10474845
2025-06-11T17:40:14.615372,10.160.0.20,/system.slic,my-app_authentication.7.en51jsn7h57nuwkxbzc4z5isb,authentication,0.007178,128.23,127.75,0,0,252.0,0.0,3.504,134459392,5869654,11746674
2025-06-11T17:40:44.818804,10.160.0.20,/system.slic,my-app_authentication.2.wb9kwvpsesk4z2uzydg5rs2ql,authentication,0.006157,184.395,183.723,0,0,0.0,0.0,6.289,193351680,1818239,15886372
2025-06-11T17:40:44.818804,10.160.0.20,/system.slic,my-app_authentication.10.mdj0vvly11q2wiw11ugfge3oh,authentication,0.010015,187.164,186.633,0,0,0.0,0.0,6.691,196255744,1814361,14811571
2025-06-11T17:40:54.951150,10.160.0.20,/system.slic,my-app_authentication.9.z8lzgogunavzgjw9seaz63kiy,authentication,0.020063,257.625,257.043,0,0,0.0,36570.0,10.555,270139392,6091899,24561301
2025-06-11T17:41:04.978164,10.160.0.20,/system.slic,my-app_authentication.5.zx8tqpir60xozsgfuq6wrv2qj,authentication,0.006015,101.566,100.887,0,0,0.0,0.0,1.949,106500096,1758460,5322684
2025-06-11T17:41:04.978164,10.160.0.20,/system.slic,my-app_authentication.6.airz0zc6ks9u0xb2xd5d59t8h,authentication,0.004836,310.559,310.016,0,0,0.0,74.0,13.992,325644288,6503459,35991302
2025-06-11T17:41:15.010617,10.160.0.20,/system.slic,my-app_authentication.8.4paohu71ydp3tyj4zydu70xp2,authentication,0.007533,84.129,83.637,0,0,0.0,0.0,0.996,88215552,3897218,1569419
2025-06-11T17:41:15.010617,10.160.0.20,/system.slic,my-app_authentication.3.jyv3hw4x5prw88r7v7wv5cfnv,authentication,0.004937,330.004,329.387,0,0,0.0,0.0,14.828,346034176,4049484,31526607
2025-06-11T17:41:25.034870,10.160.0.20,/system.slic,my-app_authentication.1.0s6tss6vhukg3ynb9zd03t002,authentication,0.049438,270.719,269.848,0,0,379.0,33516.0,11.641,283869184,6496650,31471987
2025-06-11T17:41:35.074536,10.160.0.20,/system.slic,my-app_authentication.4.u40zk557d19cghmq4pothvthi,authentication,0.007531,143.582,143.242,0,0,421.0,66.0,4.574,150556672,12584739,10501486
2025-06-11T17:41:35.074536,10.160.0.20,/system.slic,my-app_authentication.7.en51jsn7h57nuwkxbzc4z5isb,authentication,0.006102,128.227,127.746,0,0,84.0,0.0,3.508,134455296,5899935,11759786
2025-06-11T17:42:05.224655,10.160.0.20,/system.slic,my-app_authentication.2.wb9kwvpsesk4z2uzydg5rs2ql,authentication,0.007955,188.141,187.469,0,0,0.0,0.0,6.43,197279744,1840918,16898083
2025-06-11T17:42:05.224655,10.160.0.20,/system.slic,my-app_authentication.10.mdj0vvly11q2wiw11ugfge3oh,authentication,0.006081,190.93,190.398,0,0,0.0,0.0,6.84,200204288,1837766,15908993
2025-06-11T17:42:15.302940,10.160.0.20,/system.slic,my-app_authentication.9.z8lzgogunavzgjw9seaz63kiy,authentication,0.003763,259.969,259.387,0,0,0.0,0.0,10.707,272596992,6104439,24696194
2025-06-11T17:42:25.324419,10.160.0.20,/system.slic,my-app_authentication.5.zx8tqpir60xozsgfuq6wrv2qj,authentication,0.014713,101.562,100.883,0,0,1234.0,1012.0,1.953,106496000,1774335,5335730
2025-06-11T17:42:25.324419,10.160.0.20,/system.slic,my-app_authentication.6.airz0zc6ks9u0xb2xd5d59t8h,authentication,0.039528,314.156,313.613,0,0,158.0,116.0,14.133,329416704,6515291,36164792
2025-06-11T17:42:35.371783,10.160.0.20,/system.slic,my-app_authentication.8.4paohu71ydp3tyj4zydu70xp2,authentication,0.00694,84.133,83.641,0,0,42.0,0.0,1.0,88219648,3922003,1582705
2025-06-11T17:42:35.371783,10.160.0.20,/system.slic,my-app_authentication.3.jyv3hw4x5prw88r7v7wv5cfnv,authentication,0.011006,333.613,332.996,0,0,42.0,0.0,14.973,349818880,4079669,32383863
2025-06-11T17:42:45.414832,10.160.0.20,/system.slic,my-app_authentication.1.0s6tss6vhukg3ynb9zd03t002,authentication,0.007573,273.172,272.301,0,0,495.0,258.0,11.781,286441472,6508532,31620844
2025-06-11T17:42:55.445232,10.160.0.20,/system.slic,my-app_authentication.4.u40zk557d19cghmq4pothvthi,authentication,0.025655,143.582,143.242,0,0,696.0,2994.0,4.578,150556672,12617498,10527415
2025-06-11T17:42:55.445232,10.160.0.20,/system.slic,my-app_authentication.7.en51jsn7h57nuwkxbzc4z5isb,authentication,0.021504,128.23,127.75,0,0,2145.0,1518.0,3.508,134459392,5930312,11772898
2025-06-11T17:43:25.670836,10.160.0.20,/system.slic,my-app_authentication.2.wb9kwvpsesk4z2uzydg5rs2ql,authentication,0.075892,191.773,191.102,0,0,3122.0,101421.0,6.727,201089024,1862691,17789156
2025-06-11T17:43:25.670836,10.160.0.20,/system.slic,my-app_authentication.10.mdj0vvly11q2wiw11ugfge3oh,authentication,0.087311,194.688,194.156,0,0,2769.0,113830.0,7.137,204144640,1858153,16684286
2025-06-11T17:43:35.788844,10.160.0.20,/system.slic,my-app_authentication.9.z8lzgogunavzgjw9seaz63kiy,authentication,0.010185,263.473,262.891,0,0,66.0,66.0,11.004,276271104,6115721,24912917
2025-06-11T17:43:45.819813,10.160.0.20,/system.slic,my-app_authentication.5.zx8tqpir60xozsgfuq6wrv2qj,authentication,0.002827,101.562,100.883,0,0,0.0,0.0,1.957,106496000,1784998,5344496
2025-06-11T17:43:45.819813,10.160.0.20,/system.slic,my-app_authentication.6.airz0zc6ks9u0xb2xd5d59t8h,authentication,0.007152,316.672,316.129,0,0,116.0,148.0,14.285,332054528,6527073,36341879
2025-06-11T17:43:55.864805,10.160.0.20,/system.slic,my-app_authentication.8.4paohu71ydp3tyj4zydu70xp2,authentication,0.00864,84.133,83.641,0,0,420.0,42.0,1.0,88219648,3946806,1596231
2025-06-11T17:43:55.864805,10.160.0.20,/system.slic,my-app_authentication.3.jyv3hw4x5prw88r7v7wv5cfnv,authentication,0.072223,337.5,336.883,0,0,2062.0,88328.0,15.254,353894400,4107946,33079639
2025-06-11T17:44:05.911080,10.160.0.20,/system.slic,my-app_authentication.1.0s6tss6vhukg3ynb9zd03t002,authentication,0.004676,276.832,275.961,0,0,527.0,332.0,11.934,290279424,6519584,31831342
2025-06-11T17:44:15.939131,10.160.0.20,/system.slic,my-app_authentication.4.u40zk557d19cghmq4pothvthi,authentication,0.006841,143.582,143.242,0,0,862.0,0.0,4.582,150556672,12647910,10546854
2025-06-11T17:44:15.939131,10.160.0.20,/system.slic,my-app_authentication.7.en51jsn7h57nuwkxbzc4z5isb,authentication,0.003547,128.227,127.746,0,0,210.0,0.0,3.512,134455296,5954986,11781390
2025-06-11T17:44:46.080705,10.160.0.20,/system.slic,my-app_authentication.2.wb9kwvpsesk4z2uzydg5rs2ql,authentication,0.005931,194.328,193.656,0,0,0.0,0.0,6.863,203767808,1877140,18368182
2025-06-11T17:44:46.080705,10.160.0.20,/system.slic,my-app_authentication.10.mdj0vvly11q2wiw11ugfge3oh,authentication,0.005771,197.293,196.762,0,0,0.0,0.0,7.281,206876672,1871762,17184330
2025-06-11T17:44:56.272854,10.160.0.20,/system.slic,my-app_authentication.9.z8lzgogunavzgjw9seaz63kiy,authentication,0.058349,267.004,266.422,0,0,0.0,33388.0,11.156,279973888,6127003,25131689
2025-06-11T17:45:06.303628,10.160.0.20,/system.slic,my-app_authentication.5.zx8tqpir60xozsgfuq6wrv2qj,authentication,0.005908,101.566,100.887,0,0,74.0,0.0,1.961,106500096,1800791,5357327
2025-06-11T17:45:06.303628,10.160.0.20,/system.slic,my-app_authentication.6.airz0zc6ks9u0xb2xd5d59t8h,authentication,0.007139,320.34,319.797,0,0,148.0,148.0,14.582,335900672,6538289,36553714
2025-06-11T17:45:16.383126,10.160.0.20,/system.slic,my-app_authentication.8.4paohu71ydp3tyj4zydu70xp2,authentication,0.009689,84.133,83.641,0,0,378.0,0.0,1.008,88219648,3965711,1605271
2025-06-11T17:45:16.383126,10.160.0.20,/system.slic,my-app_authentication.3.jyv3hw4x5prw88r7v7wv5cfnv,authentication,0.011528,339.953,339.336,0,0,474.0,0.0,15.391,356466688,4131525,33725535
2025-06-11T17:45:26.437657,10.160.0.20,/system.slic,my-app_authentication.1.0s6tss6vhukg3ynb9zd03t002,authentication,0.012802,279.867,278.996,0,0,569.0,522.0,12.23,293462016,6531583,31986406
2025-06-11T17:45:36.551763,10.160.0.20,/system.slic,my-app_authentication.4.u40zk557d19cghmq4pothvthi,authentication,0.003417,143.59,143.25,0,0,378.0,0.0,4.586,150564864,12680721,10573916
2025-06-11T17:45:36.551763,10.160.0.20,/system.slic,my-app_authentication.7.en51jsn7h57nuwkxbzc4z5isb,authentication,0.004071,128.227,127.746,0,0,378.0,0.0,3.516,134455296,5985389,11794502
2025-06-11T17:46:06.700155,10.160.0.20,/system.slic,my-app_authentication.2.wb9kwvpsesk4z2uzydg5rs2ql,authentication,0.011979,198.121,197.449,0,0,0.0,0.0,7.016,207745024,1899473,19293915
2025-06-11T17:46:06.700155,10.160.0.20,/system.slic,my-app_authentication.10.mdj0vvly11q2wiw11ugfge3oh,authentication,0.005733,201.027,200.496,0,0,0.0,0.0,7.434,210792448,1888377,17494316
2025-06-11T17:46:16.797736,10.160.0.20,/system.slic,my-app_authentication.9.z8lzgogunavzgjw9seaz63kiy,authentication,0.005646,269.684,269.102,0,0,0.0,74.0,11.301,282783744,6140421,25272786
2025-06-11T17:46:26.831208,10.160.0.20,/system.slic,my-app_authentication.5.zx8tqpir60xozsgfuq6wrv2qj,authentication,0.022489,101.57,100.891,0,0,2666.0,2222.0,1.965,106504192,1815576,5369476
2025-06-11T17:46:26.831208,10.160.0.20,/system.slic,my-app_authentication.6.airz0zc6ks9u0xb2xd5d59t8h,authentication,0.059936,323.793,323.25,0,0,74.0,30303.0,14.602,339521536,6552141,36724397
2025-06-11T17:46:36.907804,10.160.0.20,/system.slic,my-app_authentication.8.4paohu71ydp3tyj4zydu70xp2,authentication,0.003965,84.133,83.641,0,0,42.0,0.0,1.008,88219648,3990610,1618731
2025-06-11T17:46:36.907804,10.160.0.20,/system.slic,my-app_authentication.3.jyv3hw4x5prw88r7v7wv5cfnv,authentication,0.009015,343.574,342.957,0,0,84.0,0.0,15.543,360263680,4163318,34738366
2025-06-11T17:46:46.937599,10.160.0.20,/system.slic,my-app_authentication.1.0s6tss6vhukg3ynb9zd03t002,authentication,0.010475,283.062,282.191,0,0,453.0,332.0,12.316,296812544,6544032,32172122
2025-06-11T17:46:56.964853,10.160.0.20,/system.slic,my-app_authentication.4.u40zk557d19cghmq4pothvthi,authentication,0.005788,143.586,143.246,0,0,516.0,1536.0,4.586,150560768,12712554,10600970
2025-06-11T17:46:56.964853,10.160.0.20,/system.slic,my-app_authentication.7.en51jsn7h57nuwkxbzc4z5isb,authentication,0.013496,128.23,127.75,0,0,1696.0,1012.0,3.52,134459392,6014484,11807284
2025-06-11T17:47:27.113021,10.160.0.20,/system.slic,my-app_authentication.2.wb9kwvpsesk4z2uzydg5rs2ql,authentication,0.045778,201.172,200.5,0,0,2445.0,88600.0,7.309,210944000,1918436,20110928
2025-06-11T17:47:27.113021,10.160.0.20,/system.slic,my-app_authentication.10.mdj0vvly11q2wiw11ugfge3oh,authentication,0.023911,203.93,203.398,0,0,647.0,12821.0,7.637,213835776,1904678,18176717
2025-06-11T17:47:37.200733,10.160.0.20,/system.slic,my-app_authentication.9.z8lzgogunavzgjw9seaz63kiy,authentication,0.006149,273.293,272.711,0,0,0.0,74.0,11.555,286568448,6152905,25481966
2025-06-11T17:47:47.230859,10.160.0.20,/system.slic,my-app_authentication.5.zx8tqpir60xozsgfuq6wrv2qj,authentication,0.006475,101.562,100.883,0,0,0.0,0.0,1.965,106496000,1826293,5378342
2025-06-11T17:47:47.230859,10.160.0.20,/system.slic,my-app_authentication.6.airz0zc6ks9u0xb2xd5d59t8h,authentication,0.008233,326.668,326.125,0,0,74.0,74.0,14.812,342536192,6563645,36897479
2025-06-11T17:47:57.257933,10.160.0.20,/system.slic,my-app_authentication.8.4paohu71ydp3tyj4zydu70xp2,authentication,0.007231,84.133,83.641,0,0,42.0,0.0,1.012,88219648,4008696,1627265
2025-06-11T17:47:57.257933,10.160.0.20,/system.slic,my-app_authentication.3.jyv3hw4x5prw88r7v7wv5cfnv,authentication,0.052105,346.09,345.473,0,0,1206.0,88114.0,15.836,362901504,4187231,35518095
2025-06-11T17:48:07.294094,10.160.0.20,/system.slic,my-app_authentication.1.0s6tss6vhukg3ynb9zd03t002,authentication,0.003092,285.84,284.969,0,0,379.0,184.0,12.461,299724800,6555684,32375223
2025-06-11T17:48:17.322153,10.160.0.20,/system.slic,my-app_authentication.4.u40zk557d19cghmq4pothvthi,authentication,0.00398,143.59,143.25,0,0,198.0,198.0,4.59,150564864,12742423,10611519
2025-06-11T17:48:17.322153,10.160.0.20,/system.slic,my-app_authentication.7.en51jsn7h57nuwkxbzc4z5isb,authentication,0.006665,128.227,127.746,0,0,126.0,0.0,3.52,134455296,6032393,11810892
2025-06-11T17:48:47.464684,10.160.0.20,/system.slic,my-app_authentication.2.wb9kwvpsesk4z2uzydg5rs2ql,authentication,0.004,202.266,201.594,0,0,0.0,0.0,7.434,212090880,1924908,20564456
2025-06-11T17:48:47.464684,10.160.0.20,/system.slic,my-app_authentication.10.mdj0vvly11q2wiw11ugfge3oh,authentication,0.005601,205.25,204.719,0,0,0.0,0.0,7.781,215220224,1912299,18593080
2025-06-11T17:48:57.548469,10.160.0.20,/system.slic,my-app_authentication.9.z8lzgogunavzgjw9seaz63kiy,authentication,0.004131,273.762,273.18,0,0,0.0,74.0,11.688,287059968,6163585,25544434
2025-06-11T17:49:07.574719,10.160.0.20,/system.slic,my-app_authentication.5.zx8tqpir60xozsgfuq6wrv2qj,authentication,0.006168,101.562,100.883,0,0,0.0,0.0,1.969,106496000,1826293,5378342
2025-06-11T17:49:07.574719,10.160.0.20,/system.slic,my-app_authentication.6.airz0zc6ks9u0xb2xd5d59t8h,authentication,0.00623,327.152,326.609,0,0,74.0,74.0,14.973,343044096,6575213,36961442
2025-06-11T17:49:17.640690,10.160.0.20,/system.slic,my-app_authentication.8.4paohu71ydp3tyj4zydu70xp2,authentication,0.004303,84.133,83.641,0,0,126.0,0.0,1.012,88219648,4017012,1627265
2025-06-11T17:49:17.640690,10.160.0.20,/system.slic,my-app_authentication.3.jyv3hw4x5prw88r7v7wv5cfnv,authentication,0.009052,346.395,345.777,0,0,420.0,0.0,15.898,363220992,4197455,35632135
2025-06-11T17:49:27.669504,10.160.0.20,/system.slic,my-app_authentication.1.0s6tss6vhukg3ynb9zd03t002,authentication,0.003612,285.859,284.988,0,0,758.0,250.0,12.598,299745280,6566841,32381079
2025-06-11T17:49:37.697666,10.160.0.20,/system.slic,my-app_authentication.4.u40zk557d19cghmq4pothvthi,authentication,0.003555,143.59,143.25,0,0,158.0,0.0,4.59,150564864,12772515,10615887
2025-06-11T17:49:37.697666,10.160.0.20,/system.slic,my-app_authentication.7.en51jsn7h57nuwkxbzc4z5isb,authentication,0.007132,128.227,127.746,0,0,42.0,0.0,3.52,134455296,6046899,11810892
2025-06-11T17:50:07.831736,10.160.0.20,/system.slic,my-app_authentication.2.wb9kwvpsesk4z2uzydg5rs2ql,authentication,0.005991,202.293,201.621,0,0,0.0,0.0,7.434,212119552,1924908,20564456
2025-06-11T17:50:07.831736,10.160.0.20,/system.slic,my-app_authentication.10.mdj0vvly11q2wiw11ugfge3oh,authentication,0.009013,205.254,204.723,0,0,0.0,0.0,7.781,215224320,1912299,18593080
2025-06-11T17:50:17.908710,10.160.0.20,/system.slic,my-app_authentication.9.z8lzgogunavzgjw9seaz63kiy,authentication,0.003405,273.812,273.23,0,0,379.0,184.0,11.688,287113216,6174784,25550302
2025-06-11T17:50:27.933988,10.160.0.20,/system.slic,my-app_authentication.5.zx8tqpir60xozsgfuq6wrv2qj,authentication,0.003043,101.562,100.883,0,0,0.0,0.0,1.969,106496000,1826293,5378342
2025-06-11T17:50:27.933988,10.160.0.20,/system.slic,my-app_authentication.6.airz0zc6ks9u0xb2xd5d59t8h,authentication,0.003278,327.152,326.609,0,0,0.0,74.0,14.973,343044096,6586485,36967134
2025-06-11T17:50:38.008615,10.160.0.20,/system.slic,my-app_authentication.8.4paohu71ydp3tyj4zydu70xp2,authentication,0.004528,84.133,83.641,0,0,42.0,0.0,1.012,88219648,4025034,1627265
2025-06-11T17:50:38.008615,10.160.0.20,/system.slic,my-app_authentication.3.jyv3hw4x5prw88r7v7wv5cfnv,authentication,0.004614,346.414,345.797,0,0,84.0,0.0,15.898,363241472,4205057,35632135
2025-06-11T17:50:48.033942,10.160.0.20,/system.slic,my-app_authentication.1.0s6tss6vhukg3ynb9zd03t002,authentication,0.006751,286.121,285.25,0,0,421.0,376.0,12.598,300019712,6576729,32386531
2025-06-11T17:50:58.062182,10.160.0.20,/system.slic,my-app_authentication.4.u40zk557d19cghmq4pothvthi,authentication,0.004615,143.59,143.25,0,0,422.0,197.0,4.59,150564864,12803113,10620980
2025-06-11T17:50:58.062182,10.160.0.20,/system.slic,my-app_authentication.7.en51jsn7h57nuwkxbzc4z5isb,authentication,0.003566,128.227,127.746,0,0,0.0,0.0,3.52,134455296,6061431,11810892
2025-06-11T17:51:28.269858,10.160.0.20,/system.slic,my-app_authentication.2.wb9kwvpsesk4z2uzydg5rs2ql,authentication,0.004525,202.285,201.613,0,0,0.0,0.0,7.434,212111360,1924966,20564456
2025-06-11T17:51:28.269858,10.160.0.20,/system.slic,my-app_authentication.10.mdj0vvly11q2wiw11ugfge3oh,authentication,0.003174,205.285,204.754,0,0,0.0,0.0,7.781,215257088,1912357,18593080
2025-06-11T17:51:38.442860,10.160.0.20,/system.slic,my-app_authentication.9.z8lzgogunavzgjw9seaz63kiy,authentication,0.006027,273.828,273.246,0,0,758.0,368.0,11.688,287129600,6185905,25556112
2025-06-11T17:51:48.473815,10.160.0.20,/system.slic,my-app_authentication.5.zx8tqpir60xozsgfuq6wrv2qj,authentication,0.005538,101.562,100.883,0,0,0.0,0.0,1.969,106496000,1826515,5378342
2025-06-11T17:51:48.473815,10.160.0.20,/system.slic,my-app_authentication.6.airz0zc6ks9u0xb2xd5d59t8h,authentication,0.005033,327.184,326.641,0,0,0.0,0.0,14.973,343076864,6597197,36972710
2025-06-11T17:51:58.500229,10.160.0.20,/system.slic,my-app_authentication.8.4paohu71ydp3tyj4zydu70xp2,authentication,0.006832,84.133,83.641,0,0,420.0,0.0,1.012,88219648,4033770,1627265
2025-06-11T17:51:58.500229,10.160.0.20,/system.slic,my-app_authentication.3.jyv3hw4x5prw88r7v7wv5cfnv,authentication,0.004846,346.434,345.816,0,0,252.0,0.0,15.898,363261952,4213751,35632135
2025-06-11T17:52:08.533897,10.160.0.20,/system.slic,my-app_authentication.1.0s6tss6vhukg3ynb9zd03t002,authentication,0.005339,285.875,285.004,0,0,379.0,66.0,12.598,299761664,6587713,32391869
2025-06-11T17:52:18.564792,10.160.0.20,/system.slic,my-app_authentication.4.u40zk557d19cghmq4pothvthi,authentication,0.007013,143.59,143.25,0,0,950.0,263.0,4.59,150564864,12831681,10625282
2025-06-11T17:52:18.564792,10.160.0.20,/system.slic,my-app_authentication.7.en51jsn7h57nuwkxbzc4z5isb,authentication,0.007323,128.227,127.746,0,0,252.0,0.0,3.52,134455296,6075879,11810892
2025-06-11T17:52:48.712665,10.160.0.20,/system.slic,my-app_authentication.2.wb9kwvpsesk4z2uzydg5rs2ql,authentication,0.005356,202.293,201.621,0,0,0.0,0.0,7.434,212119552,1924966,20564456
2025-06-11T17:52:48.712665,10.160.0.20,/system.slic,my-app_authentication.10.mdj0vvly11q2wiw11ugfge3oh,authentication,0.005302,205.305,204.773,0,0,0.0,0.0,7.781,215277568,1912357,18593080
2025-06-11T17:52:58.793746,10.160.0.20,/system.slic,my-app_authentication.9.z8lzgogunavzgjw9seaz63kiy,authentication,0.00617,273.844,273.262,0,0,980.0,516.0,11.688,287145984,6197505,25561614
2025-06-11T17:53:08.818468,10.160.0.20,/system.slic,my-app_authentication.5.zx8tqpir60xozsgfuq6wrv2qj,authentication,0.003032,101.562,100.883,0,0,0.0,0.0,1.969,106496000,1826589,5378342
2025-06-11T17:53:08.818468,10.160.0.20,/system.slic,my-app_authentication.6.airz0zc6ks9u0xb2xd5d59t8h,authentication,0.006717,327.184,326.641,0,0,74.0,74.0,14.973,343076864,6607473,36977966
2025-06-11T17:53:18.886933,10.160.0.20,/system.slic,my-app_authentication.8.4paohu71ydp3tyj4zydu70xp2,authentication,0.004636,84.133,83.641,0,0,0.0,0.0,1.012,88219648,4042418,1627265
2025-06-11T17:53:18.886933,10.160.0.20,/system.slic,my-app_authentication.3.jyv3hw4x5prw88r7v7wv5cfnv,authentication,0.004346,346.441,345.824,0,0,42.0,0.0,15.898,363270144,4222441,35632135
2025-06-11T17:53:28.947321,10.160.0.20,/system.slic,my-app_authentication.1.0s6tss6vhukg3ynb9zd03t002,authentication,0.006065,285.902,285.031,0,0,758.0,250.0,12.598,299790336,6598285,32397453
2025-06-11T17:53:38.975839,10.160.0.20,/system.slic,my-app_authentication.4.u40zk557d19cghmq4pothvthi,authentication,0.006559,143.59,143.25,0,0,662.0,0.0,4.59,150564864,12860579,10629980
2025-06-11T17:53:38.975839,10.160.0.20,/system.slic,my-app_authentication.7.en51jsn7h57nuwkxbzc4z5isb,authentication,0.003771,128.227,127.746,0,0,294.0,0.0,3.52,134455296,6089907,11810892
2025-06-11T17:54:09.121842,10.160.0.20,/system.slic,my-app_authentication.2.wb9kwvpsesk4z2uzydg5rs2ql,authentication,0.005957,202.293,201.621,0,0,0.0,0.0,7.434,212119552,1924966,20564456
2025-06-11T17:54:09.121842,10.160.0.20,/system.slic,my-app_authentication.10.mdj0vvly11q2wiw11ugfge3oh,authentication,0.003834,205.312,204.781,0,0,0.0,0.0,7.781,215285760,1912357,18593080
2025-06-11T17:54:19.202899,10.160.0.20,/system.slic,my-app_authentication.9.z8lzgogunavzgjw9seaz63kiy,authentication,0.003544,273.836,273.254,0,0,379.0,184.0,11.688,287137792,6207921,25566968
2025-06-11T17:54:29.230156,10.160.0.20,/system.slic,my-app_authentication.5.zx8tqpir60xozsgfuq6wrv2qj,authentication,0.003066,101.562,100.883,0,0,0.0,0.0,1.969,106496000,1826589,5378342
2025-06-11T17:54:29.230156,10.160.0.20,/system.slic,my-app_authentication.6.airz0zc6ks9u0xb2xd5d59t8h,authentication,0.005231,327.176,326.633,0,0,66.0,66.0,14.973,343068672,6618177,36983682
2025-06-11T17:54:39.299952,10.160.0.20,/system.slic,my-app_authentication.8.4paohu71ydp3tyj4zydu70xp2,authentication,0.004288,84.133,83.641,0,0,504.0,0.0,1.012,88219648,4051002,1627265
2025-06-11T17:54:39.299952,10.160.0.20,/system.slic,my-app_authentication.3.jyv3hw4x5prw88r7v7wv5cfnv,authentication,0.004656,346.441,345.824,0,0,294.0,0.0,15.898,363270144,4231067,35632135
2025-06-11T17:54:49.328827,10.160.0.20,/system.slic,my-app_authentication.1.0s6tss6vhukg3ynb9zd03t002,authentication,0.003345,285.922,285.051,0,0,379.0,66.0,12.598,299810816,6609031,32403211
2025-06-11T17:54:59.356690,10.160.0.20,/system.slic,my-app_authentication.4.u40zk557d19cghmq4pothvthi,authentication,0.006903,143.59,143.25,0,0,758.0,197.0,4.59,150564864,12890683,10634546
2025-06-11T17:54:59.356690,10.160.0.20,/system.slic,my-app_authentication.7.en51jsn7h57nuwkxbzc4z5isb,authentication,0.007624,128.227,127.746,0,0,588.0,0.0,3.52,134455296,6103389,11810892
2025-06-11T17:55:29.561133,10.160.0.20,/system.slic,my-app_authentication.2.wb9kwvpsesk4z2uzydg5rs2ql,authentication,0.009086,202.293,201.621,0,0,0.0,0.0,7.434,212119552,1925062,20564456
2025-06-11T17:55:29.561133,10.160.0.20,/system.slic,my-app_authentication.10.mdj0vvly11q2wiw11ugfge3oh,authentication,0.007605,205.336,204.805,0,0,0.0,0.0,7.781,215310336,1912453,18593080
2025-06-11T17:55:39.639969,10.160.0.20,/system.slic,my-app_authentication.9.z8lzgogunavzgjw9seaz63kiy,authentication,0.003786,273.844,273.262,0,0,758.0,368.0,11.688,287145984,6218559,25572618
2025-06-11T17:55:49.671870,10.160.0.20,/system.slic,my-app_authentication.5.zx8tqpir60xozsgfuq6wrv2qj,authentication,0.004565,101.562,100.883,0,0,0.0,0.0,1.969,106496000,1826647,5378342
2025-06-11T17:55:49.671870,10.160.0.20,/system.slic,my-app_authentication.6.airz0zc6ks9u0xb2xd5d59t8h,authentication,0.003425,327.199,326.656,0,0,446.0,263.0,14.973,343093248,6629861,36989529
2025-06-11T17:55:59.701697,10.160.0.20,/system.slic,my-app_authentication.8.4paohu71ydp3tyj4zydu70xp2,authentication,0.010183,84.133,83.641,0,0,84.0,0.0,1.012,88219648,4058268,1627265
2025-06-11T17:55:59.701697,10.160.0.20,/system.slic,my-app_authentication.3.jyv3hw4x5prw88r7v7wv5cfnv,authentication,0.00548,346.441,345.824,0,0,42.0,0.0,15.898,363270144,4238249,35632135
2025-06-11T17:56:09.731835,10.160.0.20,/system.slic,my-app_authentication.1.0s6tss6vhukg3ynb9zd03t002,authentication,0.006105,285.941,285.07,0,0,74.0,74.0,12.598,299831296,6619341,32408575
2025-06-11T17:56:19.754872,10.160.0.20,/system.slic,my-app_authentication.4.u40zk557d19cghmq4pothvthi,authentication,0.003414,143.59,143.25,0,0,336.0,0.0,4.59,150564864,12918097,10639112
2025-06-11T17:56:19.754872,10.160.0.20,/system.slic,my-app_authentication.7.en51jsn7h57nuwkxbzc4z5isb,authentication,0.003606,128.227,127.746,0,0,420.0,0.0,3.52,134455296,6117501,11810892
2025-06-11T17:56:49.906211,10.160.0.20,/system.slic,my-app_authentication.2.wb9kwvpsesk4z2uzydg5rs2ql,authentication,0.008685,202.293,201.621,0,0,0.0,0.0,7.434,212119552,1925136,20564456
2025-06-11T17:56:49.906211,10.160.0.20,/system.slic,my-app_authentication.10.mdj0vvly11q2wiw11ugfge3oh,authentication,0.007572,205.352,204.82,0,0,0.0,0.0,7.781,215326720,1912527,18593080
2025-06-11T17:56:59.994062,10.160.0.20,/system.slic,my-app_authentication.9.z8lzgogunavzgjw9seaz63kiy,authentication,0.002634,273.844,273.262,0,0,190.0,74.0,11.688,287145984,6229789,25578194
2025-06-11T17:57:10.023679,10.160.0.20,/system.slic,my-app_authentication.5.zx8tqpir60xozsgfuq6wrv2qj,authentication,0.003831,101.562,100.883,0,0,0.0,0.0,1.969,106496000,1826775,5378342
2025-06-11T17:57:10.023679,10.160.0.20,/system.slic,my-app_authentication.6.airz0zc6ks9u0xb2xd5d59t8h,authentication,0.003034,327.215,326.672,0,0,74.0,74.0,14.973,343109632,6639789,36994546
2025-06-11T17:57:20.049620,10.160.0.20,/system.slic,my-app_authentication.8.4paohu71ydp3tyj4zydu70xp2,authentication,0.008828,84.133,83.641,0,0,126.0,0.0,1.012,88219648,4066458,1627265
2025-06-11T17:57:20.049620,10.160.0.20,/system.slic,my-app_authentication.3.jyv3hw4x5prw88r7v7wv5cfnv,authentication,0.007037,346.441,345.824,0,0,84.0,0.0,15.898,363270144,4246439,35632135
2025-06-11T17:57:30.077530,10.160.0.20,/system.slic,my-app_authentication.1.0s6tss6vhukg3ynb9zd03t002,authentication,0.005519,285.941,285.07,0,0,74.0,74.0,12.598,299831296,6630029,32414201
2025-06-11T17:57:40.103129,10.160.0.20,/system.slic,my-app_authentication.4.u40zk557d19cghmq4pothvthi,authentication,0.00741,143.59,143.25,0,0,464.0,197.0,4.59,150564864,12945281,10643612
2025-06-11T17:57:40.103129,10.160.0.20,/system.slic,my-app_authentication.7.en51jsn7h57nuwkxbzc4z5isb,authentication,0.0047,128.227,127.746,0,0,84.0,0.0,3.52,134455296,6130923,11810892
2025-06-11T17:58:10.233570,10.160.0.20,/system.slic,my-app_authentication.2.wb9kwvpsesk4z2uzydg5rs2ql,authentication,0.005693,202.293,201.621,0,0,0.0,0.0,7.434,212119552,1925210,20564456
2025-06-11T17:58:10.233570,10.160.0.20,/system.slic,my-app_authentication.10.mdj0vvly11q2wiw11ugfge3oh,authentication,0.004357,205.344,204.812,0,0,0.0,0.0,7.781,215318528,1912601,18593080
2025-06-11T17:58:20.446732,10.160.0.20,/system.slic,my-app_authentication.9.z8lzgogunavzgjw9seaz63kiy,authentication,0.003091,273.84,273.258,0,0,0.0,0.0,11.688,287141888,6240681,25583474
2025-06-11T17:58:30.473014,10.160.0.20,/system.slic,my-app_authentication.5.zx8tqpir60xozsgfuq6wrv2qj,authentication,0.003181,101.562,100.883,0,0,0.0,0.0,1.969,106496000,1826775,5378342
2025-06-11T17:58:30.473014,10.160.0.20,/system.slic,my-app_authentication.6.airz0zc6ks9u0xb2xd5d59t8h,authentication,0.004161,327.223,326.68,0,0,380.0,197.0,14.973,343117824,6650733,37000319
2025-06-11T17:58:40.499799,10.160.0.20,/system.slic,my-app_authentication.8.4paohu71ydp3tyj4zydu70xp2,authentication,0.00996,84.133,83.641,0,0,378.0,0.0,1.012,88219648,4074786,1627265
2025-06-11T17:58:40.499799,10.160.0.20,/system.slic,my-app_authentication.3.jyv3hw4x5prw88r7v7wv5cfnv,authentication,0.00603,346.441,345.824,0,0,252.0,0.0,15.898,363270144,4254977,35632135
2025-06-11T17:58:50.526930,10.160.0.20,/system.slic,my-app_authentication.1.0s6tss6vhukg3ynb9zd03t002,authentication,0.005635,285.949,285.078,0,0,379.0,66.0,12.598,299839488,6641481,32419777
2025-06-11T17:59:00.562372,10.160.0.20,/system.slic,my-app_authentication.4.u40zk557d19cghmq4pothvthi,authentication,0.003345,143.59,143.25,0,0,42.0,0.0,4.59,150564864,12973041,10648376
2025-06-11T17:59:00.562372,10.160.0.20,/system.slic,my-app_authentication.7.en51jsn7h57nuwkxbzc4z5isb,authentication,0.00367,128.227,127.746,0,0,42.0,0.0,3.52,134455296,6145479,11810892
2025-06-11T17:59:30.728693,10.160.0.20,/system.slic,my-app_authentication.2.wb9kwvpsesk4z2uzydg5rs2ql,authentication,0.008371,202.293,201.621,0,0,0.0,0.0,7.434,212119552,1925210,20564456
2025-06-11T17:59:30.728693,10.160.0.20,/system.slic,my-app_authentication.10.mdj0vvly11q2wiw11ugfge3oh,authentication,0.007197,205.352,204.82,0,0,0.0,0.0,7.781,215326720,1912601,18593080
2025-06-11T18:00:58.556949,10.160.0.20,/system.slic,my-app_authentication.5.zx8tqpir60xozsgfuq6wrv2qj,authentication,0.003603,101.562,100.883,0,0,0.0,0.0,1.969,106496000,1826903,5378342
2025-06-11T18:00:58.556949,10.160.0.20,/system.slic,my-app_authentication.6.airz0zc6ks9u0xb2xd5d59t8h,authentication,0.004784,327.242,326.699,0,0,379.0,66.0,14.973,343138304,6672228,37010207
2025-06-11T18:01:08.627824,10.160.0.20,/system.slic,my-app_authentication.8.4paohu71ydp3tyj4zydu70xp2,authentication,0.004244,84.133,83.641,0,0,126.0,0.0,1.012,88219648,4091072,1627265
2025-06-11T18:01:08.627824,10.160.0.20,/system.slic,my-app_authentication.3.jyv3hw4x5prw88r7v7wv5cfnv,authentication,0.008586,346.441,345.824,0,0,210.0,0.0,15.898,363270144,4271095,35632135
2025-06-11T18:01:18.652923,10.160.0.20,/system.slic,my-app_authentication.1.0s6tss6vhukg3ynb9zd03t002,authentication,0.006847,285.945,285.074,0,0,380.0,197.0,12.598,299835392,6662204,32429344
2025-06-11T18:01:28.681164,10.160.0.20,/system.slic,my-app_authentication.4.u40zk557d19cghmq4pothvthi,authentication,0.008004,143.59,143.25,0,0,294.0,0.0,4.59,150564864,13025923,10656784
2025-06-11T18:01:28.681164,10.160.0.20,/system.slic,my-app_authentication.7.en51jsn7h57nuwkxbzc4z5isb,authentication,0.004297,128.227,127.746,0,0,210.0,0.0,3.52,134455296,6172523,11810892
